{"frameRate":24,"armature":[{"frameRate":24,"defaultActions":[{"gotoAndPlay":"newAnimation"}],"ik":[],"skin":[{"name":"","slot":[{"display":[{"type":"image","transform":{"y":27.65,"x":4},"name":"moon/2","path":"moon/2"}],"name":"2"},{"display":[{"type":"image","transform":{"y":41.8,"x":4.8},"name":"moon/5","path":"moon/5"}],"name":"5"},{"display":[{"type":"image","transform":{"y":101.5879,"x":89.3096},"name":"moon/4","path":"moon/4"}],"name":"4"},{"display":[{"type":"image","transform":{"y":12.2,"x":4.65},"name":"moon/1","path":"moon/1"}],"name":"1"},{"display":[{"type":"image","transform":{"y":-4.5,"x":-4.95},"name":"moon/3","path":"moon/3"}],"name":"3"}]}],"animation":[{"bone":[{"frame":[{"transform":{},"duration":181}],"name":"root"},{"frame":[{"duration":11,"tweenEasing":0,"transform":{"scX":1.03,"scY":1.03}},{"duration":29,"tweenEasing":0,"transform":{"scX":1.03,"scY":1.03}},{"duration":31,"tweenEasing":0,"transform":{}},{"duration":29,"tweenEasing":0,"transform":{"scX":1.03,"scY":1.03}},{"duration":81,"transform":{}}],"name":"1"},{"frame":[{"transform":{},"duration":40},{"duration":141,"transform":{}}],"name":"2"},{"frame":[{"transform":{},"duration":11},{"duration":29,"tweenEasing":0,"transform":{}},{"duration":1,"transform":{"scX":1.0483,"scY":1.0483}},{"duration":30,"tweenEasing":0,"transform":{"scX":1.05,"scY":1.05}},{"duration":30,"tweenEasing":0,"transform":{}},{"duration":30,"tweenEasing":0,"transform":{"scX":1.02,"scY":1.02}},{"duration":50,"transform":{}}],"name":"5"},{"frame":[{"duration":11,"tweenEasing":0,"transform":{"x":-153.5335}},{"duration":29,"transform":{"x":-153.5335},"curve":[0.5,0,0.5,1]},{"duration":20,"transform":{},"curve":[0.5,0,0.5,1]},{"duration":30,"transform":{"x":-16.8602},"curve":[0.5,0,0.5,1]},{"duration":41,"transform":{},"curve":[0.5,0,0.5,1]},{"duration":50,"transform":{"x":-10.3755},"curve":[0.5,0,0.5,1]},{"duration":0,"transform":{}}],"name":"3"},{"frame":[{"duration":11,"tweenEasing":0,"transform":{"x":157.1433}},{"duration":29,"transform":{"x":157.1433},"curve":[0.5,0,0.5,1]},{"duration":20,"transform":{},"curve":[0.5,0,0.5,1]},{"duration":30,"transform":{"x":22.0479},"curve":[0.5,0,0.5,1]},{"duration":41,"transform":{},"curve":[0.5,0,0.5,1]},{"duration":50,"transform":{"x":14.2663},"curve":[0.5,0,0.5,1]},{"duration":0,"transform":{}}],"name":"4"}],"duration":181,"frame":[],"slot":[{"name":"5","frame":[{"color":{"aM":0},"tweenEasing":0,"duration":11},{"tweenEasing":null,"duration":170}]},{"name":"4","frame":[{"color":{"aM":0},"tweenEasing":0,"duration":10},{"color":{"aM":0},"tweenEasing":0,"duration":1},{"tweenEasing":null,"duration":170}]},{"name":"3","frame":[{"color":{"aM":0},"tweenEasing":0,"duration":10},{"color":{"aM":0},"tweenEasing":0,"duration":1},{"tweenEasing":null,"duration":170}]},{"name":"2","frame":[{"color":{"aM":0},"tweenEasing":0,"duration":11},{"tweenEasing":null,"duration":170}]},{"name":"1","frame":[{"color":{"aM":0},"tweenEasing":0,"duration":11},{"tweenEasing":null,"duration":170}]}],"ffd":[],"ik":[],"playTimes":0,"name":"newAnimation"}],"aabb":{"x":-284.3479201938551,"y":-271.5,"width":623.8479201938551,"height":543},"slot":[{"color":{},"name":"5","parent":"5"},{"z":1,"color":{},"name":"4","parent":"4"},{"z":2,"color":{},"name":"3","parent":"3"},{"z":3,"color":{},"name":"2","parent":"2"},{"z":4,"color":{},"name":"1","parent":"1"}],"bone":[{"transform":{},"name":"root"},{"transform":{"y":-12.2,"x":-0.65},"name":"1","parent":"root"},{"transform":{"y":-27.65},"name":"2","parent":"root"},{"transform":{"y":-41.8,"x":-1.3},"name":"5","parent":"root"},{"transform":{"y":4.5,"x":262.45},"name":"3","parent":"root"},{"transform":{"y":13.9667,"x":-273.1575},"name":"4","parent":"root"}],"type":"Armature","name":"Armature"}],"version":"5.0","name":"moon","isGlobal":0}