{"SubTexture":[{"x":717,"y":406,"width":714,"name":"pic1/图层_1","height":403},{"x":1541,"y":1,"width":108,"name":"pic1/形状_1","height":105},{"x":1626,"y":191,"width":76,"name":"pic1/形状_1_拷贝","height":74},{"x":1651,"y":1,"width":76,"name":"pic1/形状_1_拷贝_2","height":74},{"x":1626,"y":108,"width":81,"name":"pic1/多边形_1","height":81},{"x":1433,"y":206,"width":58,"name":"pic1/形状_2_拷贝_4","height":58},{"x":1579,"y":193,"width":39,"name":"pic1/形状_2_拷贝_6","height":40},{"x":1651,"y":77,"width":29,"name":"pic1/形状_2_拷贝_7","height":29},{"x":1518,"y":193,"width":59,"name":"pic1/形状_2_拷贝_5","height":59},{"x":1,"y":811,"width":714,"name":"pic2/图层_1","height":403},{"x":1493,"y":254,"width":30,"name":"pic2/3","height":46},{"x":1579,"y":235,"width":31,"name":"pic2/2","height":45},{"x":1493,"y":206,"width":18,"name":"pic2/1","height":44},{"x":1,"y":406,"width":714,"name":"pic3/图层_1","height":403},{"x":1433,"y":1,"width":106,"name":"pic3/图层_2","height":118},{"x":1,"y":1,"width":714,"name":"pic4/图层_1","height":403},{"x":717,"y":811,"width":687,"name":"pic4/图层_1_拷贝","height":388},{"x":717,"y":1,"width":714,"name":"pic5/图层_1","height":403},{"x":1406,"y":811,"width":237,"name":"pic5/图层_4","height":182},{"x":1541,"y":108,"width":83,"name":"pic5/图层_3","height":83},{"x":1433,"y":121,"width":83,"name":"pic5/图层_2","height":83}],"imagePath":"pic_tex.png","width":2048,"name":"pic","height":2048}