{"frameRate":24,"armature":[{"frameRate":24,"defaultActions":[{"gotoAndPlay":"pic1"}],"skin":[{"name":"","slot":[{"display":[{"type":"image","transform":{"y":-5.3647,"x":5.6968},"name":"pic4/图层_1_拷贝","path":"pic4/图层_1_拷贝"}],"name":"图层_1_拷贝1"},{"display":[{"type":"image","transform":{"y":-0.8,"x":-0.15},"name":"pic5/图层_3","path":"pic5/图层_3"}],"name":"图层_3"},{"display":[{"type":"image","transform":{"y":5.75,"x":-5.75},"name":"pic2/2","path":"pic2/2"}],"name":"2"},{"display":[{"type":"image","transform":{"skY":180,"y":0.218,"skX":180,"x":0.1053},"name":"pic1/形状_1","path":"pic1/形状_1"}],"name":"形状_1"},{"display":[{"type":"image","transform":{"y":3.7,"x":-1},"name":"pic2/3","path":"pic2/3"}],"name":"3"},{"display":[{"type":"image","transform":{"y":69.25,"x":-252.45},"name":"pic2/图层_1","path":"pic2/图层_1"}],"name":"图层_11"},{"display":[{"type":"image","transform":{"y":-0.8094,"x":-1.2745},"name":"pic1/形状_1_拷贝_2","path":"pic1/形状_1_拷贝_2"}],"name":"形状_1_拷贝_2"},{"display":[{"type":"image","transform":{"y":2.55,"x":-3.1},"name":"pic2/1","path":"pic2/1"}],"name":"1"},{"display":[{"type":"image","transform":{"y":-1.1079,"x":0.179},"name":"pic5/图层_2","path":"pic5/图层_2"}],"name":"图层_21"},{"display":[{"type":"image","transform":{"y":-5.3647,"x":5.6968},"name":"pic4/图层_1_拷贝","path":"pic4/图层_1_拷贝"}],"name":"图层_1_拷贝"},{"display":[{"type":"image","transform":{"skY":180,"y":1.4166,"skX":180,"x":1.1015},"name":"pic1/形状_1_拷贝","path":"pic1/形状_1_拷贝"}],"name":"形状_1_拷贝"},{"display":[{"type":"image","transform":{"y":16.3,"x":11.4},"name":"pic4/图层_1","path":"pic4/图层_1"}],"name":"图层_13"},{"display":[{"type":"image","transform":{"skY":135,"y":-0.1878,"skX":135,"x":-0.3817},"name":"pic1/形状_2_拷贝_7","path":"pic1/形状_2_拷贝_7"}],"name":"形状_2_拷贝_7"},{"display":[{"type":"image","transform":{"y":37.5,"x":-1},"name":"pic3/图层_2","path":"pic3/图层_2"}],"name":"图层_2"},{"display":[{"type":"image","transform":{"y":152.65,"x":-182.45},"name":"pic5/图层_1","path":"pic5/图层_1"}],"name":"图层_14"},{"display":[{"type":"image","transform":{"skY":116.5651,"y":-0.2321,"skX":116.5651,"x":0.8231},"name":"pic1/形状_2_拷贝_4","path":"pic1/形状_2_拷贝_4"}],"name":"形状_2_拷贝_4"},{"display":[{"type":"image","transform":{"y":-0.7721,"x":0.6251},"name":"pic1/形状_2_拷贝_5","path":"pic1/形状_2_拷贝_5"}],"name":"形状_2_拷贝_5"},{"display":[{"type":"image","transform":{"y":335.4,"x":-299.75},"name":"pic1/图层_1","path":"pic1/图层_1"}],"name":"图层_1"},{"display":[{"type":"image","transform":{"y":0.4,"x":-4.25},"name":"pic5/图层_4","path":"pic5/图层_4"}],"name":"图层_4"},{"display":[{"type":"image","transform":{"y":-15.8,"x":-101.25},"name":"pic3/图层_1","path":"pic3/图层_1"}],"name":"图层_12"},{"display":[{"type":"image","transform":{"y":1.1692,"x":0.421},"name":"pic1/多边形_1","path":"pic1/多边形_1"}],"name":"多边形_1"},{"display":[{"type":"image","transform":{"skY":180,"y":0.6698,"skX":180,"x":-0.2615},"name":"pic1/形状_2_拷贝_6","path":"pic1/形状_2_拷贝_6"}],"name":"形状_2_拷贝_6"}]}],"animation":[{"bone":[{"frame":[{"transform":{},"duration":80}],"name":"root"},{"frame":[{"tweenRotate":2,"duration":40,"tweenEasing":0,"transform":{}},{"tweenRotate":2,"duration":40,"tweenEasing":0,"transform":{}},{"duration":0,"transform":{}}],"name":"图层_1"},{"frame":[{"tweenRotate":2,"duration":80,"tweenEasing":0,"transform":{}},{"duration":0,"transform":{}}],"name":"图层_11"},{"frame":[{"tweenRotate":-2,"duration":40,"tweenEasing":0,"transform":{}},{"tweenRotate":-2,"duration":40,"tweenEasing":0,"transform":{}},{"duration":0,"transform":{}}],"name":"图层_12"},{"frame":[{"tweenRotate":2,"duration":40,"tweenEasing":0,"transform":{}},{"tweenRotate":2,"duration":40,"tweenEasing":0,"transform":{}},{"duration":0,"transform":{}}],"name":"图层_13"},{"frame":[{"tweenRotate":-2,"duration":80,"tweenEasing":0,"transform":{}},{"duration":0,"transform":{}}],"name":"图层_14"},{"frame":[{"tweenRotate":2,"duration":40,"tweenEasing":0,"transform":{}},{"tweenRotate":2,"duration":40,"tweenEasing":0,"transform":{}},{"duration":0,"transform":{}}],"name":"图层_15"},{"frame":[{"tweenRotate":2,"duration":80,"tweenEasing":0,"transform":{}},{"duration":0,"transform":{}}],"name":"图层_16"},{"frame":[{"tweenRotate":2,"duration":80,"tweenEasing":0,"transform":{}},{"duration":0,"transform":{}}],"name":"图层_17"},{"frame":[{"transform":{},"duration":80}],"name":"1"},{"frame":[{"transform":{},"duration":80}],"name":"2"},{"frame":[{"transform":{},"duration":80}],"name":"3"},{"frame":[{"transform":{},"duration":80}],"name":"bg2"},{"frame":[{"transform":{},"duration":80}],"name":"31"},{"frame":[{"transform":{},"duration":80}],"name":"bg3"},{"frame":[{"transform":{},"duration":80}],"name":"bg4"},{"frame":[{"transform":{},"duration":80}],"name":"41"},{"frame":[{"transform":{},"duration":80}],"name":"411"},{"frame":[{"transform":{},"duration":80}],"name":"51"},{"frame":[{"transform":{},"duration":80}],"name":"52"},{"frame":[{"transform":{},"duration":80}],"name":"53"},{"frame":[{"transform":{},"duration":80}],"name":"bg5"},{"frame":[{"transform":{},"duration":80}],"name":"bone"}],"duration":80,"frame":[],"slot":[{"name":"图层_11","frame":[{"tweenEasing":null,"displayIndex":-1,"duration":80}]},{"name":"3","frame":[{"tweenEasing":null,"displayIndex":-1,"duration":80}]},{"name":"2","frame":[{"tweenEasing":null,"displayIndex":-1,"duration":80}]},{"name":"1","frame":[{"tweenEasing":null,"displayIndex":-1,"duration":80}]},{"name":"图层_12","frame":[{"tweenEasing":null,"displayIndex":-1,"duration":80}]},{"name":"图层_2","frame":[{"tweenEasing":null,"displayIndex":-1,"duration":80}]},{"name":"图层_13","frame":[{"tweenEasing":null,"displayIndex":-1,"duration":80}]},{"name":"图层_1_拷贝","frame":[{"tweenEasing":null,"displayIndex":-1,"duration":80}]},{"name":"图层_1_拷贝1","frame":[{"tweenEasing":null,"displayIndex":-1,"duration":80}]},{"name":"图层_14","frame":[{"tweenEasing":null,"displayIndex":-1,"duration":80}]},{"name":"图层_4","frame":[{"tweenEasing":null,"displayIndex":-1,"duration":80}]},{"name":"图层_3","frame":[{"tweenEasing":null,"displayIndex":-1,"duration":80}]},{"name":"图层_21","frame":[{"tweenEasing":null,"displayIndex":-1,"duration":80}]}],"ffd":[],"playTimes":0,"name":"pic1","ik":[]},{"bone":[{"frame":[{"transform":{},"duration":90}],"name":"root"},{"frame":[{"transform":{},"duration":90}],"name":"图层_1"},{"frame":[{"transform":{},"duration":90}],"name":"图层_11"},{"frame":[{"transform":{},"duration":90}],"name":"图层_12"},{"frame":[{"transform":{},"duration":90}],"name":"图层_13"},{"frame":[{"transform":{},"duration":90}],"name":"图层_14"},{"frame":[{"transform":{},"duration":90}],"name":"图层_15"},{"frame":[{"transform":{},"duration":90}],"name":"图层_16"},{"frame":[{"transform":{},"duration":90}],"name":"图层_17"},{"frame":[{"duration":15,"transform":{},"curve":[0.7923588039867109,0.014446227929373997,1,1]},{"duration":5,"tweenEasing":0,"transform":{"scX":1.5,"scY":1.5}},{"duration":5,"tweenEasing":0,"transform":{}},{"duration":5,"tweenEasing":0,"transform":{"scX":1.2,"scY":1.2}},{"duration":60,"transform":{}}],"name":"1"},{"frame":[{"transform":{},"duration":30},{"duration":15,"transform":{},"curve":[0.7923588039867109,0.014446227929373997,1,1]},{"duration":5,"tweenEasing":0,"transform":{"scX":1.5,"scY":1.5}},{"duration":5,"tweenEasing":0,"transform":{}},{"duration":5,"tweenEasing":0,"transform":{"scX":1.2,"scY":1.2}},{"duration":30,"transform":{}}],"name":"2"},{"frame":[{"transform":{},"duration":60},{"duration":15,"transform":{},"curve":[0.7923588039867109,0.014446227929373997,1,1]},{"duration":5,"tweenEasing":0,"transform":{"scX":1.5,"scY":1.5}},{"duration":5,"tweenEasing":0,"transform":{}},{"duration":5,"tweenEasing":0,"transform":{"scX":1.2,"scY":1.2}},{"duration":0,"transform":{}}],"name":"3"},{"frame":[{"transform":{},"duration":90}],"name":"bg2"},{"frame":[{"transform":{},"duration":90}],"name":"31"},{"frame":[{"transform":{},"duration":90}],"name":"bg3"},{"frame":[{"transform":{},"duration":90}],"name":"bg4"},{"frame":[{"transform":{},"duration":90}],"name":"41"},{"frame":[{"transform":{},"duration":90}],"name":"411"},{"frame":[{"transform":{},"duration":90}],"name":"51"},{"frame":[{"transform":{},"duration":90}],"name":"52"},{"frame":[{"transform":{},"duration":90}],"name":"53"},{"frame":[{"transform":{},"duration":90}],"name":"bg5"},{"frame":[{"transform":{},"duration":90}],"name":"bone"}],"duration":90,"frame":[],"slot":[{"name":"图层_1","frame":[{"tweenEasing":null,"displayIndex":-1,"duration":90}]},{"name":"形状_1","frame":[{"tweenEasing":null,"displayIndex":-1,"duration":90}]},{"name":"形状_1_拷贝","frame":[{"tweenEasing":null,"displayIndex":-1,"duration":90}]},{"name":"形状_1_拷贝_2","frame":[{"tweenEasing":null,"displayIndex":-1,"duration":90}]},{"name":"多边形_1","frame":[{"tweenEasing":null,"displayIndex":-1,"duration":90}]},{"name":"形状_2_拷贝_4","frame":[{"tweenEasing":null,"displayIndex":-1,"duration":90}]},{"name":"形状_2_拷贝_6","frame":[{"tweenEasing":null,"displayIndex":-1,"duration":90}]},{"name":"形状_2_拷贝_7","frame":[{"tweenEasing":null,"displayIndex":-1,"duration":90}]},{"name":"形状_2_拷贝_5","frame":[{"tweenEasing":null,"displayIndex":-1,"duration":90}]},{"name":"图层_12","frame":[{"tweenEasing":null,"displayIndex":-1,"duration":90}]},{"name":"图层_2","frame":[{"tweenEasing":null,"displayIndex":-1,"duration":90}]},{"name":"图层_13","frame":[{"tweenEasing":null,"displayIndex":-1,"duration":90}]},{"name":"图层_1_拷贝","frame":[{"tweenEasing":null,"displayIndex":-1,"duration":90}]},{"name":"图层_1_拷贝1","frame":[{"tweenEasing":null,"displayIndex":-1,"duration":90}]},{"name":"图层_14","frame":[{"tweenEasing":null,"displayIndex":-1,"duration":90}]},{"name":"图层_4","frame":[{"tweenEasing":null,"displayIndex":-1,"duration":90}]},{"name":"图层_3","frame":[{"tweenEasing":null,"displayIndex":-1,"duration":90}]},{"name":"图层_21","frame":[{"tweenEasing":null,"displayIndex":-1,"duration":90}]}],"ffd":[],"playTimes":0,"name":"pic2","ik":[]},{"bone":[{"frame":[{"transform":{},"duration":44}],"name":"root"},{"frame":[{"transform":{},"duration":44}],"name":"图层_1"},{"frame":[{"transform":{},"duration":44}],"name":"图层_11"},{"frame":[{"transform":{},"duration":44}],"name":"图层_12"},{"frame":[{"transform":{},"duration":44}],"name":"图层_13"},{"frame":[{"transform":{},"duration":44}],"name":"图层_14"},{"frame":[{"transform":{},"duration":44}],"name":"图层_15"},{"frame":[{"transform":{},"duration":44}],"name":"图层_16"},{"frame":[{"transform":{},"duration":44}],"name":"图层_17"},{"frame":[{"transform":{},"duration":44}],"name":"1"},{"frame":[{"transform":{},"duration":44}],"name":"2"},{"frame":[{"transform":{},"duration":44}],"name":"3"},{"frame":[{"transform":{},"duration":44}],"name":"bg2"},{"frame":[{"duration":15,"transform":{},"curve":[0,0.9919743178170145,1,1]},{"duration":5,"transform":{"y":-148.4093,"scX":0.9,"scY":1.1},"curve":[0.9950166112956811,0,1,1]},{"duration":5,"transform":{"scX":1.1,"scY":0.9},"curve":[0.0016611295681062885,0.8715890850722312,1,1]},{"duration":4,"transform":{"y":-36.7265,"scX":0.95,"scY":1.05},"curve":[0.8488372093023255,0,1,1]},{"duration":4,"transform":{"scX":1.05,"scY":0.95},"curve":[0,0.9823434991974319,1,1]},{"duration":3,"transform":{"y":-18.6138,"scX":0.98,"scY":1.02},"curve":[0.8853820598006644,0.009630818619582666,1,1]},{"duration":8,"tweenEasing":0,"transform":{}},{"duration":0,"transform":{}}],"name":"31"},{"frame":[{"transform":{},"duration":44}],"name":"bg3"},{"frame":[{"transform":{},"duration":44}],"name":"bg4"},{"frame":[{"transform":{},"duration":44}],"name":"41"},{"frame":[{"transform":{},"duration":44}],"name":"411"},{"frame":[{"transform":{},"duration":44}],"name":"51"},{"frame":[{"transform":{},"duration":44}],"name":"52"},{"frame":[{"transform":{},"duration":44}],"name":"53"},{"frame":[{"transform":{},"duration":44}],"name":"bg5"},{"frame":[{"transform":{},"duration":44}],"name":"bone"}],"duration":44,"frame":[],"slot":[{"name":"图层_1","frame":[{"tweenEasing":null,"displayIndex":-1,"duration":44}]},{"name":"形状_1","frame":[{"tweenEasing":null,"displayIndex":-1,"duration":44}]},{"name":"形状_1_拷贝","frame":[{"tweenEasing":null,"displayIndex":-1,"duration":44}]},{"name":"形状_1_拷贝_2","frame":[{"tweenEasing":null,"displayIndex":-1,"duration":44}]},{"name":"多边形_1","frame":[{"tweenEasing":null,"displayIndex":-1,"duration":44}]},{"name":"形状_2_拷贝_4","frame":[{"tweenEasing":null,"displayIndex":-1,"duration":44}]},{"name":"形状_2_拷贝_6","frame":[{"tweenEasing":null,"displayIndex":-1,"duration":44}]},{"name":"形状_2_拷贝_7","frame":[{"tweenEasing":null,"displayIndex":-1,"duration":44}]},{"name":"形状_2_拷贝_5","frame":[{"tweenEasing":null,"displayIndex":-1,"duration":44}]},{"name":"图层_11","frame":[{"tweenEasing":null,"displayIndex":-1,"duration":44}]},{"name":"3","frame":[{"tweenEasing":null,"displayIndex":-1,"duration":44}]},{"name":"2","frame":[{"tweenEasing":null,"displayIndex":-1,"duration":44}]},{"name":"1","frame":[{"tweenEasing":null,"displayIndex":-1,"duration":44}]},{"name":"图层_13","frame":[{"tweenEasing":null,"displayIndex":-1,"duration":44}]},{"name":"图层_1_拷贝","frame":[{"tweenEasing":null,"displayIndex":-1,"duration":44}]},{"name":"图层_1_拷贝1","frame":[{"tweenEasing":null,"displayIndex":-1,"duration":44}]},{"name":"图层_14","frame":[{"tweenEasing":null,"displayIndex":-1,"duration":44}]},{"name":"图层_4","frame":[{"tweenEasing":null,"displayIndex":-1,"duration":44}]},{"name":"图层_3","frame":[{"tweenEasing":null,"displayIndex":-1,"duration":44}]},{"name":"图层_21","frame":[{"tweenEasing":null,"displayIndex":-1,"duration":44}]}],"ffd":[],"playTimes":0,"name":"pic3","ik":[]},{"bone":[{"frame":[{"transform":{},"duration":47}],"name":"root"},{"frame":[{"transform":{},"duration":47}],"name":"图层_1"},{"frame":[{"transform":{},"duration":47}],"name":"图层_11"},{"frame":[{"transform":{},"duration":47}],"name":"图层_12"},{"frame":[{"transform":{},"duration":47}],"name":"图层_13"},{"frame":[{"transform":{},"duration":47}],"name":"图层_14"},{"frame":[{"transform":{},"duration":47}],"name":"图层_15"},{"frame":[{"transform":{},"duration":47}],"name":"图层_16"},{"frame":[{"transform":{},"duration":47}],"name":"图层_17"},{"frame":[{"transform":{},"duration":47}],"name":"1"},{"frame":[{"transform":{},"duration":47}],"name":"2"},{"frame":[{"transform":{},"duration":47}],"name":"3"},{"frame":[{"transform":{},"duration":47}],"name":"bg2"},{"frame":[{"transform":{},"duration":47}],"name":"31"},{"frame":[{"transform":{},"duration":47}],"name":"bg3"},{"frame":[{"transform":{},"duration":47}],"name":"bg4"},{"frame":[{"duration":3,"tweenEasing":0,"transform":{"y":-6.0648}},{"duration":3,"tweenEasing":0,"transform":{"skY":5,"y":-6.0648,"skX":5}},{"duration":3,"tweenEasing":0,"transform":{"skY":-5,"y":-6.0648,"skX":-5}},{"duration":3,"tweenEasing":0,"transform":{"skY":3,"y":-6.0648,"skX":3}},{"duration":3,"tweenEasing":0,"transform":{"skY":-3,"y":-6.0648,"skX":-3}},{"duration":3,"tweenEasing":0,"transform":{"skY":1,"y":-6.0648,"skX":1}},{"duration":3,"tweenEasing":0,"transform":{"skY":-1,"y":-6.0648,"skX":-1}},{"duration":24,"tweenEasing":0,"transform":{"y":-6.0648}},{"duration":2,"transform":{"y":-6.0648}}],"name":"41"},{"frame":[{"duration":2,"transform":{"y":-6.0648}},{"duration":3,"tweenEasing":0,"transform":{"y":-6.0648}},{"duration":3,"tweenEasing":0,"transform":{"skY":5,"y":-6.0648,"skX":5}},{"duration":3,"tweenEasing":0,"transform":{"skY":-5,"y":-6.0648,"skX":-5}},{"duration":3,"tweenEasing":0,"transform":{"skY":3,"y":-6.0648,"skX":3}},{"duration":3,"tweenEasing":0,"transform":{"skY":-3,"y":-6.0648,"skX":-3}},{"duration":3,"tweenEasing":0,"transform":{"skY":1,"y":-6.0648,"skX":1}},{"duration":3,"tweenEasing":0,"transform":{"skY":-1,"y":-6.0648,"skX":-1}},{"duration":24,"tweenEasing":0,"transform":{"y":-6.0648}},{"duration":0,"transform":{"y":-6.0648}}],"name":"411"},{"frame":[{"transform":{},"duration":47}],"name":"51"},{"frame":[{"transform":{},"duration":47}],"name":"52"},{"frame":[{"transform":{},"duration":47}],"name":"53"},{"frame":[{"transform":{},"duration":47}],"name":"bg5"},{"frame":[{"transform":{},"duration":47}],"name":"bone"}],"duration":47,"frame":[],"slot":[{"name":"图层_1","frame":[{"tweenEasing":null,"displayIndex":-1,"duration":47}]},{"name":"形状_1","frame":[{"tweenEasing":null,"displayIndex":-1,"duration":47}]},{"name":"形状_1_拷贝","frame":[{"tweenEasing":null,"displayIndex":-1,"duration":47}]},{"name":"形状_1_拷贝_2","frame":[{"tweenEasing":null,"displayIndex":-1,"duration":47}]},{"name":"多边形_1","frame":[{"tweenEasing":null,"displayIndex":-1,"duration":47}]},{"name":"形状_2_拷贝_4","frame":[{"tweenEasing":null,"displayIndex":-1,"duration":47}]},{"name":"形状_2_拷贝_6","frame":[{"tweenEasing":null,"displayIndex":-1,"duration":47}]},{"name":"形状_2_拷贝_7","frame":[{"tweenEasing":null,"displayIndex":-1,"duration":47}]},{"name":"形状_2_拷贝_5","frame":[{"tweenEasing":null,"displayIndex":-1,"duration":47}]},{"name":"图层_11","frame":[{"tweenEasing":null,"displayIndex":-1,"duration":47}]},{"name":"3","frame":[{"tweenEasing":null,"displayIndex":-1,"duration":47}]},{"name":"2","frame":[{"tweenEasing":null,"displayIndex":-1,"duration":47}]},{"name":"1","frame":[{"tweenEasing":null,"displayIndex":-1,"duration":47}]},{"name":"图层_12","frame":[{"tweenEasing":null,"displayIndex":-1,"duration":47}]},{"name":"图层_2","frame":[{"tweenEasing":null,"displayIndex":-1,"duration":47}]},{"name":"图层_1_拷贝1","frame":[{"color":{"aM":20},"tweenEasing":null,"duration":47}]},{"name":"图层_14","frame":[{"tweenEasing":null,"displayIndex":-1,"duration":47}]},{"name":"图层_4","frame":[{"tweenEasing":null,"displayIndex":-1,"duration":47}]},{"name":"图层_3","frame":[{"tweenEasing":null,"displayIndex":-1,"duration":47}]},{"name":"图层_21","frame":[{"tweenEasing":null,"displayIndex":-1,"duration":47}]}],"ffd":[],"playTimes":0,"name":"pic4","ik":[]},{"bone":[{"frame":[{"transform":{},"duration":80}],"name":"root"},{"frame":[{"transform":{},"duration":80}],"name":"图层_1"},{"frame":[{"transform":{},"duration":80}],"name":"图层_11"},{"frame":[{"transform":{},"duration":80}],"name":"图层_12"},{"frame":[{"transform":{},"duration":80}],"name":"图层_13"},{"frame":[{"transform":{},"duration":80}],"name":"图层_14"},{"frame":[{"transform":{},"duration":80}],"name":"图层_15"},{"frame":[{"transform":{},"duration":80}],"name":"图层_16"},{"frame":[{"transform":{},"duration":80}],"name":"图层_17"},{"frame":[{"transform":{},"duration":80}],"name":"1"},{"frame":[{"transform":{},"duration":80}],"name":"2"},{"frame":[{"transform":{},"duration":80}],"name":"3"},{"frame":[{"transform":{},"duration":80}],"name":"bg2"},{"frame":[{"transform":{},"duration":80}],"name":"31"},{"frame":[{"transform":{},"duration":80}],"name":"bg3"},{"frame":[{"transform":{},"duration":80}],"name":"bg4"},{"frame":[{"transform":{},"duration":80}],"name":"41"},{"frame":[{"transform":{},"duration":80}],"name":"411"},{"frame":[{"tweenRotate":3,"duration":80,"tweenEasing":0,"transform":{}},{"duration":0,"transform":{}}],"name":"51"},{"frame":[{"tweenRotate":3,"duration":80,"tweenEasing":0,"transform":{}},{"duration":0,"transform":{}}],"name":"52"},{"frame":[{"duration":40,"transform":{},"curve":[0.5,0,0.5,1]},{"duration":40,"transform":{"x":85.1754},"curve":[0.5,0,0.5,1]},{"duration":0,"transform":{}}],"name":"53"},{"frame":[{"transform":{},"duration":80}],"name":"bg5"},{"frame":[{"transform":{},"duration":80}],"name":"bone"}],"duration":80,"frame":[],"slot":[{"name":"图层_1","frame":[{"tweenEasing":null,"displayIndex":-1,"duration":80}]},{"name":"形状_1","frame":[{"tweenEasing":null,"displayIndex":-1,"duration":80}]},{"name":"形状_1_拷贝","frame":[{"tweenEasing":null,"displayIndex":-1,"duration":80}]},{"name":"形状_1_拷贝_2","frame":[{"tweenEasing":null,"displayIndex":-1,"duration":80}]},{"name":"多边形_1","frame":[{"tweenEasing":null,"displayIndex":-1,"duration":80}]},{"name":"形状_2_拷贝_4","frame":[{"tweenEasing":null,"displayIndex":-1,"duration":80}]},{"name":"形状_2_拷贝_6","frame":[{"tweenEasing":null,"displayIndex":-1,"duration":80}]},{"name":"形状_2_拷贝_7","frame":[{"tweenEasing":null,"displayIndex":-1,"duration":80}]},{"name":"形状_2_拷贝_5","frame":[{"tweenEasing":null,"displayIndex":-1,"duration":80}]},{"name":"图层_11","frame":[{"tweenEasing":null,"displayIndex":-1,"duration":80}]},{"name":"3","frame":[{"tweenEasing":null,"displayIndex":-1,"duration":80}]},{"name":"2","frame":[{"tweenEasing":null,"displayIndex":-1,"duration":80}]},{"name":"1","frame":[{"tweenEasing":null,"displayIndex":-1,"duration":80}]},{"name":"图层_12","frame":[{"tweenEasing":null,"displayIndex":-1,"duration":80}]},{"name":"图层_2","frame":[{"tweenEasing":null,"displayIndex":-1,"duration":80}]},{"name":"图层_13","frame":[{"tweenEasing":null,"displayIndex":-1,"duration":80}]},{"name":"图层_1_拷贝","frame":[{"tweenEasing":null,"displayIndex":-1,"duration":80}]},{"name":"图层_1_拷贝1","frame":[{"tweenEasing":null,"displayIndex":-1,"duration":80}]}],"ffd":[],"playTimes":0,"name":"pic5","ik":[]}],"aabb":{"x":-357.0000000000001,"y":-201.5,"width":714.0000000000001,"height":403},"slot":[{"color":{},"name":"图层_1","parent":"bone"},{"z":1,"color":{},"name":"形状_1","parent":"图层_15"},{"z":2,"color":{},"name":"形状_1_拷贝","parent":"图层_12"},{"z":3,"color":{},"name":"形状_1_拷贝_2","parent":"图层_13"},{"z":4,"color":{},"name":"多边形_1","parent":"图层_14"},{"z":5,"color":{},"name":"形状_2_拷贝_4","parent":"图层_16"},{"z":6,"color":{},"name":"形状_2_拷贝_6","parent":"图层_11"},{"z":7,"color":{},"name":"形状_2_拷贝_7","parent":"图层_1"},{"z":8,"color":{},"name":"形状_2_拷贝_5","parent":"图层_17"},{"z":9,"color":{},"name":"图层_11","parent":"bg2"},{"z":10,"color":{},"name":"3","parent":"3"},{"z":11,"color":{},"name":"2","parent":"2"},{"z":12,"color":{},"name":"1","parent":"1"},{"z":13,"color":{},"name":"图层_12","parent":"bg3"},{"z":14,"color":{},"name":"图层_2","parent":"31"},{"z":15,"color":{},"name":"图层_13","parent":"bg4"},{"z":16,"color":{},"name":"图层_1_拷贝","parent":"41"},{"z":17,"color":{},"name":"图层_1_拷贝1","parent":"411"},{"z":18,"color":{},"name":"图层_14","parent":"bg5"},{"z":19,"color":{},"name":"图层_4","parent":"53"},{"z":20,"color":{},"name":"图层_3","parent":"52"},{"z":21,"color":{},"name":"图层_21","parent":"51"}],"bone":[{"transform":{},"name":"root"},{"transform":{"y":-105.6906,"x":-55.7255},"name":"图层_13","parent":"root"},{"transform":{"skY":-135,"y":-102.4026,"skX":-135,"x":1.3629},"name":"图层_1","parent":"root"},{"length":1,"parent":"root","transform":{"skY":180,"y":-103.8302,"skX":180,"x":47.2385},"name":"图层_11"},{"transform":{"skY":180,"y":-68.0834,"skX":180,"x":-95.8985},"name":"图层_12","parent":"root"},{"length":1,"parent":"root","transform":{"y":-64.1692,"x":-11.921},"name":"图层_14"},{"length":2,"parent":"root","transform":{"skY":180,"y":-62.782,"skX":180,"x":87.1053},"name":"图层_15"},{"length":2,"parent":"root","transform":{"skY":-116.5651,"y":-18.8676,"skX":-116.5651,"x":-144.4243},"name":"图层_16"},{"transform":{"y":-73.2279,"x":-144.1251},"name":"图层_17","parent":"root"},{"transform":{"y":61.95,"x":150.1},"name":"1","parent":"root"},{"transform":{"y":-69.25,"x":252.45},"name":"bg2","parent":"root"},{"transform":{"y":-131.2,"x":148},"name":"3","parent":"root"},{"transform":{"y":-37.75,"x":153.25},"name":"2","parent":"root"},{"transform":{"y":49,"x":-208},"name":"31","parent":"root"},{"transform":{"y":15.8,"x":101.25},"name":"bg3","parent":"root"},{"transform":{"y":-16.3,"x":-11.4},"name":"bg4","parent":"root"},{"transform":{"y":5.8647,"x":-5.1968},"name":"41","parent":"root"},{"transform":{"y":5.8647,"x":-5.1968},"name":"411","parent":"root"},{"transform":{"y":107.1079,"x":-158.679},"name":"51","parent":"root"},{"transform":{"y":-82.9,"x":-75.25},"name":"53","parent":"root"},{"transform":{"y":106.8,"x":200.65},"name":"52","parent":"root"},{"transform":{"y":-152.65,"x":182.45},"name":"bg5","parent":"root"},{"transform":{"y":-335.4,"x":299.75},"name":"bone","parent":"root"}],"type":"Armature","name":"Armature","ik":[]}],"version":"5.0","name":"pic","isGlobal":0}